Tommee Tippee Ctn Transition C,12
Heinz Baby Basics Non Spill Sn,7
Heinz Baby Basics Individual F,2.1
Little Wishes Non Spill Cups 6,5
Tommee Tippee Ctn First Grown ,10
Little Wishes Cups Non-spill,5
Paw Patrol Mashems ,5
Playgro Bathtime Splashbook,5
Little Wishes Spoon And Fork S,3.5
Little Wishes Suction Plate ,4
Ty Gear Wristlet Kit ,10
Bff Mini Plush In Bag ,14
Bonds 100 Crew Socks Size 6-12,10
Nuby Flip It No Spill Straw Cu,10
Huggies Ultimate Jumbo Infant ,25
Huggies Ultra Dry Nappies Craw,25
Huggies Ultra Dry Nappies Craw,25
Nestle Cerelac Puree Apple Pou,1.8
Nestle Cerelac Puree Banana & ,1.8
Nestle Cerelac Puree Apple & P,1.8
Nestle Cerelac Puree Apple & M,1.8
Karicare Plus+ Toddler Formula,16
Karicare Plus+ Toddler Formula,16
S26 Original Alula Progress 6 ,17
Aptamil Gold+ Ha Baby Formula ,27
Sma Infacare Newborn 0 - 12 Mo,13
Aptamil Ar Gold Baby Formula 0,27
S26 Gold Alula Newborn 0 -6 Mo,23
Aptamil Colic & Constipation I,28
